bucket	family-media	a403cb20972b2bdb657c9d0e816813c3
column	private.family_invitations.created_at	cbbe25b0eff5c74e180a6a9d42dc4fb1
column	private.family_invitations.created_by	b8f01001f41e2a8fc34fa5f6c92a1a12
column	private.family_invitations.expires_at	13065ad5a6128833e6947e9efaae8ff4
column	private.family_invitations.family_id	3615f1262a3810cc4167c79ade14e8c4
column	private.family_invitations.id	355cfcb7c045f97f9950d83f227ee0c5
column	private.family_invitations.revoked_at	ac17205d0175124429da820bc4862d87
column	private.family_invitations.role	f0feadfc727e1c463c7965036cf43971
column	private.family_invitations.token_hash	1cadba7b95454ab3644ab85b336cf427
column	private.family_invitations.used_at	90d1af38d722bda84bd23317b6477f76
column	private.family_invitations.used_by	1fc8f57d9bffed5ecf48f68e97836256
column	private.family_security.created_at	6560c771d71bce1eb1847c422fae1d25
column	private.family_security.failed_attempts	f7850bd66a389b75544ab098e387b611
column	private.family_security.family_id	3044ec5b614fe80d97be92a3275c875b
column	private.family_security.last_failed_at	563f73e48ab6743d195319294ea91b45
column	private.family_security.parent_pin_hash	5f72dd7966e59f75dbc888f1aea7659a
column	private.family_security.updated_at	cbbe25b0eff5c74e180a6a9d42dc4fb1
column	private.invitation_attempts.attempted_at	a08ebbdb648d5fcef3ec79a259956ce9
column	private.invitation_attempts.id	aba1c5d59b9e2513c9cfd2622fcf5dd3
column	private.invitation_attempts.user_id	3615f1262a3810cc4167c79ade14e8c4
column	private.onboarding_requests.created_at	6f4bb4d8fe8b78653ecb6701915e59ea
column	private.onboarding_requests.family_id	e82780f88f93c467b405bc6554c41cce
column	private.onboarding_requests.request_id	3044ec5b614fe80d97be92a3275c875b
column	private.onboarding_requests.user_id	3615f1262a3810cc4167c79ade14e8c4
column	public.categories.created_at	cbbe25b0eff5c74e180a6a9d42dc4fb1
column	public.categories.family_id	3615f1262a3810cc4167c79ade14e8c4
column	public.categories.icon	65396dcaccf2caddd43f48741b854bf2
column	public.categories.id	355cfcb7c045f97f9950d83f227ee0c5
column	public.categories.name	1cadba7b95454ab3644ab85b336cf427
column	public.categories.sort_order	a4bc1e20298337dcb5dd5aec69a7bad2
column	public.categories.updated_at	9ffc08af6debcb3cd8584fdc2ba330fb
column	public.category_assignments.category_id	3615f1262a3810cc4167c79ade14e8c4
column	public.category_assignments.family_id	3044ec5b614fe80d97be92a3275c875b
column	public.category_assignments.profile_id	bdeea2bdf6289800cabc2ecaf0d561bf
column	public.champion_history.created_at	0c3b35c1cc7aa2d8467f8d86697188ca
column	public.champion_history.family_id	3615f1262a3810cc4167c79ade14e8c4
column	public.champion_history.id	355cfcb7c045f97f9950d83f227ee0c5
column	public.champion_history.points	b7df931beeda1219ecac872700c4cbe9
column	public.champion_history.profile_avatar	53c2b21b8090495621c594a1b33e7585
column	public.champion_history.profile_id	e82780f88f93c467b405bc6554c41cce
column	public.champion_history.profile_name	edc2d8398c4041b051f05ac299cf12cc
column	public.champion_history.week_start	d39429c1c331ef3d2ee95f670a81b5ce
column	public.completions.category_name	c0fa564f78390d364be8e42e0ddea40a
column	public.completions.completed_at	0c3b35c1cc7aa2d8467f8d86697188ca
column	public.completions.completion_date	c660e5ae08f34c96adb4cec56d778dc7
column	public.completions.confirmed_at	effd03798723a413eeae5098a33e1b2c
column	public.completions.confirmed_by	413c3bf7db6811a196138d2dd91cd646
column	public.completions.created_at	6ea281eb41934673acb6efe83a266980
column	public.completions.created_by	79fe8e6b334f89653c40afc7fff8f589
column	public.completions.family_id	3615f1262a3810cc4167c79ade14e8c4
column	public.completions.id	355cfcb7c045f97f9950d83f227ee0c5
column	public.completions.points	b7df931beeda1219ecac872700c4cbe9
column	public.completions.profile_id	bdeea2bdf6289800cabc2ecaf0d561bf
column	public.completions.status	8cd01baf679ca040fd44fd7161fb556f
column	public.completions.task_id	aacb303e0b901d05d378b2fc40d65e23
column	public.completions.task_title	205941e00d0f479930b7745381d11bcc
column	public.families.created_at	6f4bb4d8fe8b78653ecb6701915e59ea
column	public.families.created_by	e82780f88f93c467b405bc6554c41cce
column	public.families.id	355cfcb7c045f97f9950d83f227ee0c5
column	public.families.name	5f72dd7966e59f75dbc888f1aea7659a
column	public.families.updated_at	6560c771d71bce1eb1847c422fae1d25
column	public.family_members.created_at	6560c771d71bce1eb1847c422fae1d25
column	public.family_members.family_id	3615f1262a3810cc4167c79ade14e8c4
column	public.family_members.id	355cfcb7c045f97f9950d83f227ee0c5
column	public.family_members.role	f0feadfc727e1c463c7965036cf43971
column	public.family_members.user_id	bdeea2bdf6289800cabc2ecaf0d561bf
column	public.family_settings.created_at	9ffc08af6debcb3cd8584fdc2ba330fb
column	public.family_settings.family_id	3044ec5b614fe80d97be92a3275c875b
column	public.family_settings.last_champion_week	7b3767fa99ba3e957b06460702459ec2
column	public.family_settings.require_confirmation	56f45d88491ada26c4382e0478cfb03c
column	public.family_settings.show_daily_crown	d150f8c4a5fb4f118f9e147367ff682b
column	public.family_settings.timezone	38a15546c01412a5d2cb7bfd6d084b56
column	public.family_settings.updated_at	0c3b35c1cc7aa2d8467f8d86697188ca
column	public.family_sync.changed_at	a08ebbdb648d5fcef3ec79a259956ce9
column	public.family_sync.family_id	3044ec5b614fe80d97be92a3275c875b
column	public.family_sync.version	64252de140899f9b84dfbce7d712adcf
column	public.profiles.active	3bf47a8e2bc086043c305b8048b45426
column	public.profiles.avatar_emoji	c0fa564f78390d364be8e42e0ddea40a
column	public.profiles.avatar_url	63ff8c06a9dabee2ceac795d7314bfe0
column	public.profiles.color	c0fc161f095c95adccb40ae17d01894d
column	public.profiles.created_at	d7e69a6846d091e7622173ebbc3be471
column	public.profiles.family_id	3615f1262a3810cc4167c79ade14e8c4
column	public.profiles.id	355cfcb7c045f97f9950d83f227ee0c5
column	public.profiles.is_parent	fb9ab05f1008085425f5ee8cecfcd437
column	public.profiles.linked_user_id	b8f01001f41e2a8fc34fa5f6c92a1a12
column	public.profiles.name	1cadba7b95454ab3644ab85b336cf427
column	public.profiles.photo_path	4e5c041aa09746b849659bdfadec2014
column	public.profiles.sort_order	d197b6ec0b33beb7e3c7a69f70e4be8e
column	public.profiles.updated_at	ab302aa3cf3be3f5176bd4a17fd48f35
column	public.redemptions.acknowledged_at	90d1af38d722bda84bd23317b6477f76
column	public.redemptions.acknowledged_by	1fc8f57d9bffed5ecf48f68e97836256
column	public.redemptions.created_at	d7e69a6846d091e7622173ebbc3be471
column	public.redemptions.created_by	b50ac04ac67cb0df4f397d009a3b9c40
column	public.redemptions.family_id	3615f1262a3810cc4167c79ade14e8c4
column	public.redemptions.id	355cfcb7c045f97f9950d83f227ee0c5
column	public.redemptions.points_spent	57432168ea6bb736d6169ab023a1c725
column	public.redemptions.profile_id	bdeea2bdf6289800cabc2ecaf0d561bf
column	public.redemptions.redeemed_at	9ffc08af6debcb3cd8584fdc2ba330fb
column	public.redemptions.reward_id	aacb303e0b901d05d378b2fc40d65e23
column	public.redemptions.reward_title	205941e00d0f479930b7745381d11bcc
column	public.reward_assignments.family_id	3044ec5b614fe80d97be92a3275c875b
column	public.reward_assignments.profile_id	bdeea2bdf6289800cabc2ecaf0d561bf
column	public.reward_assignments.reward_id	3615f1262a3810cc4167c79ade14e8c4
column	public.rewards.active	25aa048009e09b36d627c4797a4a5841
column	public.rewards.created_at	0c3b35c1cc7aa2d8467f8d86697188ca
column	public.rewards.family_id	3615f1262a3810cc4167c79ade14e8c4
column	public.rewards.icon	65396dcaccf2caddd43f48741b854bf2
column	public.rewards.id	355cfcb7c045f97f9950d83f227ee0c5
column	public.rewards.points_required	15ed2902d09a7b03c991f934fc52327e
column	public.rewards.sort_order	7b4ec18e9727bf40349f84074a29610c
column	public.rewards.title	1cadba7b95454ab3644ab85b336cf427
column	public.rewards.updated_at	ee5770f1d69230379e9926abffb8fb09
column	public.task_assignments.family_id	3044ec5b614fe80d97be92a3275c875b
column	public.task_assignments.profile_id	bdeea2bdf6289800cabc2ecaf0d561bf
column	public.task_assignments.task_id	3615f1262a3810cc4167c79ade14e8c4
column	public.tasks.active	e2ba24fa2f8b00e64123c2b5e7ae74ca
column	public.tasks.category_id	e82780f88f93c467b405bc6554c41cce
column	public.tasks.created_at	d7e69a6846d091e7622173ebbc3be471
column	public.tasks.family_id	3615f1262a3810cc4167c79ade14e8c4
column	public.tasks.icon	53c2b21b8090495621c594a1b33e7585
column	public.tasks.id	355cfcb7c045f97f9950d83f227ee0c5
column	public.tasks.image_path	4e5c041aa09746b849659bdfadec2014
column	public.tasks.image_url	c0fa564f78390d364be8e42e0ddea40a
column	public.tasks.points	b7df931beeda1219ecac872700c4cbe9
column	public.tasks.recurrence	50553439e9a11cfaa9a6ae88f9e43951
column	public.tasks.sort_order	0ccbb815d1f5c0b5f9de146c7b2ed12f
column	public.tasks.title	edc2d8398c4041b051f05ac299cf12cc
column	public.tasks.updated_at	ab302aa3cf3be3f5176bd4a17fd48f35
column	public.user_membership_sync.changed_at	a08ebbdb648d5fcef3ec79a259956ce9
column	public.user_membership_sync.user_id	3044ec5b614fe80d97be92a3275c875b
column	public.user_membership_sync.version	64252de140899f9b84dfbce7d712adcf
constraint	private.family_invitations.family_invitations_check	b713891cef505250d77874321da5c4c6
constraint	private.family_invitations.family_invitations_created_by_fkey	1ceab562a11c774dbbb18205981be824
constraint	private.family_invitations.family_invitations_family_id_fkey	6f6a62e1125351e264682e3dcd9612fa
constraint	private.family_invitations.family_invitations_pkey	4c6419b3704337bbfe50f018842a9ad3
constraint	private.family_invitations.family_invitations_role_check	1dcf94ffbca437e5fc2ff2c9b80cbef1
constraint	private.family_invitations.family_invitations_token_hash_check	61f22fd9526d8c93a6f6c31a6350d06a
constraint	private.family_invitations.family_invitations_token_hash_key	0f830df04bb663b6de1300c0f33de671
constraint	private.family_invitations.family_invitations_used_by_fkey	8dd46506d941ebc1933493b635c37644
constraint	private.family_security.family_security_failed_attempts_check	1428b33691c0cee0500096242c3288bc
constraint	private.family_security.family_security_family_id_fkey	6f6a62e1125351e264682e3dcd9612fa
constraint	private.family_security.family_security_parent_pin_hash_check	19545ea3637283c247e3d8533f09974e
constraint	private.family_security.family_security_pkey	f0a815d101431180412d250a0eed6aa6
constraint	private.invitation_attempts.invitation_attempts_pkey	4c6419b3704337bbfe50f018842a9ad3
constraint	private.invitation_attempts.invitation_attempts_user_id_fkey	85d8b2f5f0c0f6b4dcb854efb61a8cb1
constraint	private.onboarding_requests.onboarding_requests_family_id_fkey	6f6a62e1125351e264682e3dcd9612fa
constraint	private.onboarding_requests.onboarding_requests_pkey	446453b21c6e4a7d1aa48c5b89151eb8
constraint	private.onboarding_requests.onboarding_requests_user_id_fkey	85d8b2f5f0c0f6b4dcb854efb61a8cb1
constraint	public.categories.categories_family_id_fkey	6f6a62e1125351e264682e3dcd9612fa
constraint	public.categories.categories_family_id_id_key	a86e2cfaea5a83b29b8f7df7aeaa2a31
constraint	public.categories.categories_icon_check	a608f2b6f30b80dfb811080ed881b3fe
constraint	public.categories.categories_name_check	3fdabd8cae0cf67780e3cbbfd6c1eb6c
constraint	public.categories.categories_pkey	4c6419b3704337bbfe50f018842a9ad3
constraint	public.category_assignments.category_assignments_family_id_category_id_fkey	da1ee69471ff005ee8f9a4805146f11d
constraint	public.category_assignments.category_assignments_family_id_profile_id_fkey	4f9bc4215ac8cb7f8a9b52e3bcac5c74
constraint	public.category_assignments.category_assignments_pkey	6589ff29dea820a1c674f097f71fb541
constraint	public.champion_history.champion_history_family_id_fkey	6f6a62e1125351e264682e3dcd9612fa
constraint	public.champion_history.champion_history_family_id_profile_id_fkey	684aacddd667f191440a6619e8f6be92
constraint	public.champion_history.champion_history_family_id_week_start_key	a33e66c0b8e3f9471e9358e454a4a1b2
constraint	public.champion_history.champion_history_pkey	4c6419b3704337bbfe50f018842a9ad3
constraint	public.champion_history.champion_history_points_check	51d2e05df6664ead8caa4b59cfae0693
constraint	public.champion_history.champion_history_week_start_check	ee3a04d421c09e5a36558123adf7a4eb
constraint	public.completions.completions_confirmed_by_fkey	d549322ab22cda87ff49b5fb2e559e13
constraint	public.completions.completions_created_by_fkey	1ceab562a11c774dbbb18205981be824
constraint	public.completions.completions_family_id_fkey	6f6a62e1125351e264682e3dcd9612fa
constraint	public.completions.completions_family_id_profile_id_fkey	4f9bc4215ac8cb7f8a9b52e3bcac5c74
constraint	public.completions.completions_family_id_task_id_fkey	0ead6233483b39bda16d4b6eda9c405b
constraint	public.completions.completions_pkey	4c6419b3704337bbfe50f018842a9ad3
constraint	public.completions.completions_points_check	ec1226e120156ca4799a2a44c968e7ba
constraint	public.completions.completions_status_check	1c4c8600653cf50f003aca52f38bba99
constraint	public.families.families_created_by_fkey	1ceab562a11c774dbbb18205981be824
constraint	public.families.families_name_check	993ca50bc7efa2f3e0e43baf1076c710
constraint	public.families.families_pkey	4c6419b3704337bbfe50f018842a9ad3
constraint	public.family_members.family_members_family_id_fkey	6f6a62e1125351e264682e3dcd9612fa
constraint	public.family_members.family_members_family_id_user_id_key	014aa98ed6d2456f81019905201ab7a6
constraint	public.family_members.family_members_pkey	4c6419b3704337bbfe50f018842a9ad3
constraint	public.family_members.family_members_role_check	49e141e9041dc30ed0ab03b2117d2164
constraint	public.family_members.family_members_user_id_fkey	85d8b2f5f0c0f6b4dcb854efb61a8cb1
constraint	public.family_settings.family_settings_family_id_fkey	6f6a62e1125351e264682e3dcd9612fa
constraint	public.family_settings.family_settings_last_champion_week_check	69792a7615f8ebdf29054b0a881855d8
constraint	public.family_settings.family_settings_pkey	f0a815d101431180412d250a0eed6aa6
constraint	public.family_sync.family_sync_family_id_fkey	6f6a62e1125351e264682e3dcd9612fa
constraint	public.family_sync.family_sync_pkey	f0a815d101431180412d250a0eed6aa6
constraint	public.profiles.profiles_avatar_emoji_check	2972d35ad1b32ae0fc8538eedd8cab8a
constraint	public.profiles.profiles_avatar_url_unused	6e9722347d1fe63ba73ef51bdfa63a9f
constraint	public.profiles.profiles_color_check	491b811c2c09661f14df781d9de960d8
constraint	public.profiles.profiles_family_id_fkey	6f6a62e1125351e264682e3dcd9612fa
constraint	public.profiles.profiles_family_id_id_key	a86e2cfaea5a83b29b8f7df7aeaa2a31
constraint	public.profiles.profiles_linked_user_id_fkey	77ff5010a0bd3394a39b58045548d029
constraint	public.profiles.profiles_name_check	3fdabd8cae0cf67780e3cbbfd6c1eb6c
constraint	public.profiles.profiles_photo_path_check	1b6ce49aee2ed99b3c83652ea22b1f59
constraint	public.profiles.profiles_pkey	4c6419b3704337bbfe50f018842a9ad3
constraint	public.redemptions.redemptions_acknowledged_by_fkey	b2127cc6dc4ffc7f168c90081bbf9770
constraint	public.redemptions.redemptions_created_by_fkey	1ceab562a11c774dbbb18205981be824
constraint	public.redemptions.redemptions_family_id_fkey	6f6a62e1125351e264682e3dcd9612fa
constraint	public.redemptions.redemptions_family_id_profile_id_fkey	4f9bc4215ac8cb7f8a9b52e3bcac5c74
constraint	public.redemptions.redemptions_family_id_reward_id_fkey	884e52e42ef1616915331c9b61c33612
constraint	public.redemptions.redemptions_pkey	4c6419b3704337bbfe50f018842a9ad3
constraint	public.redemptions.redemptions_points_spent_check	ee3206d323437e406cb3560547cad7a6
constraint	public.reward_assignments.reward_assignments_family_id_profile_id_fkey	4f9bc4215ac8cb7f8a9b52e3bcac5c74
constraint	public.reward_assignments.reward_assignments_family_id_reward_id_fkey	d297946dc79ef5bfcc37fa40fb93ff5b
constraint	public.reward_assignments.reward_assignments_pkey	441ab5943e713c179669893d92d1bb9f
constraint	public.rewards.rewards_family_id_fkey	6f6a62e1125351e264682e3dcd9612fa
constraint	public.rewards.rewards_family_id_id_key	a86e2cfaea5a83b29b8f7df7aeaa2a31
constraint	public.rewards.rewards_icon_check	a608f2b6f30b80dfb811080ed881b3fe
constraint	public.rewards.rewards_pkey	4c6419b3704337bbfe50f018842a9ad3
constraint	public.rewards.rewards_points_required_check	4e33a0ab4aa9d43680ce1c07922eb0b7
constraint	public.rewards.rewards_title_check	9b4178ff5eaf49db4c6efc087d034168
constraint	public.task_assignments.task_assignments_family_id_profile_id_fkey	4f9bc4215ac8cb7f8a9b52e3bcac5c74
constraint	public.task_assignments.task_assignments_family_id_task_id_fkey	733911fdc0150752015c93334b841325
constraint	public.task_assignments.task_assignments_pkey	8299800364d87f2640e1b8f76f4fa185
constraint	public.tasks.tasks_family_id_category_id_fkey	852fc67fe1370d1bc914295ab1a3e74f
constraint	public.tasks.tasks_family_id_fkey	6f6a62e1125351e264682e3dcd9612fa
constraint	public.tasks.tasks_family_id_id_key	a86e2cfaea5a83b29b8f7df7aeaa2a31
constraint	public.tasks.tasks_icon_check	a608f2b6f30b80dfb811080ed881b3fe
constraint	public.tasks.tasks_image_path_check	081415e42c3b3f3ad807f783e9b3f77a
constraint	public.tasks.tasks_image_url_unused	65dd2e0c17776da5a7d198d16a60f5d9
constraint	public.tasks.tasks_pkey	4c6419b3704337bbfe50f018842a9ad3
constraint	public.tasks.tasks_points_check	ec1226e120156ca4799a2a44c968e7ba
constraint	public.tasks.tasks_recurrence_check	0d73ee30125f3cad489f78ae7975d468
constraint	public.tasks.tasks_title_check	9b4178ff5eaf49db4c6efc087d034168
constraint	public.user_membership_sync.user_membership_sync_pkey	0a0db78b5fb70bf8475b3bd434e6842b
constraint	public.user_membership_sync.user_membership_sync_user_id_fkey	85d8b2f5f0c0f6b4dcb854efb61a8cb1
function	private.auth_user_exists(p_user_id uuid)	267d3d4f3ea70eb0968ae9c5aa296ec4
function	private.bump_family_sync()	5536a78dfd958b57ec0e65edee02b935
function	private.bump_user_membership_sync()	b00d5b07f59318af41bc94e15188ce26
function	private.check_media_reference()	ec791a2cfd4cae82a067e93413f945ca
function	private.guard_category_delete()	1226527b9a05a1fda527dad7a3dd00c6
function	private.guard_profile_change()	772b55e73c1cc8a75642ea9717f951b2
function	private.has_family_role(target_family_id uuid, allowed_roles text[])	1ca90196d44814c12ff714bb42e3a48a
function	private.invite_attempts_exceeded(p_user uuid)	a9ef047f2598ad53e0062db9cc8618f6
function	private.invite_token_hash(p_token text)	da55e2ea46f443baa697c6886baf3685
function	private.is_family_member(target_family_id uuid)	1fda51f681c1dfe9312765393e0dce16
function	private.is_media_path(p_name text)	4a5d1cacaa55d966456411bd4ac0d6b4
function	private.local_week_start(p_ts timestamp with time zone, p_tz text)	3788d9830da85b47855c668cb357ff34
function	private.media_family_id(p_name text)	b930e4d5debc56a1aac58e37b2c230dd
function	private.profile_has_history(p_family_id uuid, p_profile_id uuid)	d3156d410fb3c8a3dab8c8a9da53d2ce
function	private.record_invite_attempt(p_user uuid)	a647cd526b8fb842676bde61ecf04b6b
function	private.require_family_admin(p_family_id uuid)	6060bfb27d80d45de00d609a1716417c
function	private.set_updated_at()	667394d9e2a86c71a07834efa113d490
function	private.stamp_completion_review()	ecd88a4a5b2c6980a92082df7ae71d31
function	private.stamp_redemption_ack()	9788b25bf991c0e330949a10e85aacab
function	private.sync_weekly_champion_at(p_family_id uuid, p_now timestamp with time zone)	b32822b214776f0bcd69e33d8cbe316e
function	private.valid_profile_ids(p_family_id uuid, p_profile_ids uuid[])	39dc19db8bf9533867626cbc7f927ea7
function	public.accept_family_invitation(p_token text)	3f03d7e114527f09d0ab08ba6b02444f
function	public.account_deletion_plan(p_user_id uuid)	c2086397f0d7db0a7af17baed7ebaacd
function	public.create_family(p_name text)	e3794cadb9927ff97526d918ff6a05b8
function	public.create_family_invitation(p_family_id uuid)	010483351a54bec88b790cb7c793c6ad
function	public.create_family_with_onboarding(p_request_id uuid, p_family_name text, p_pin text, p_children jsonb, p_tasks jsonb, p_rewards jsonb, p_settings jsonb)	f5de167ed010e0352ea587c9035cd277
function	public.delete_category(p_family_id uuid, p_category_id uuid)	e5dcb0deceb9b057e36ab73081dd4cb4
function	public.delete_family_as_service(p_family_id uuid)	58106a07245e2275125b50fe8d485ca9
function	public.execute_account_deletion(p_user_id uuid)	acb41634a01805f3aaeb418ce47caa11
function	public.family_owner_check(p_user_id uuid, p_family_id uuid)	e96ca9769a010da240b6d3e0f688fb9f
function	public.inspect_family_invitation(p_token text)	2c81e3aa068715625faaeb5395e696f1
function	public.leave_family(p_family_id uuid)	2660fcf97948b1efd0f9e2e1fa8a42e4
function	public.list_family_adults(p_family_id uuid)	3b41e392021db6ba06ac3525eb901ec2
function	public.list_family_invitations(p_family_id uuid)	37fce8fab00b4a3050b296b19a5e25ea
function	public.parent_pin_lock_seconds(p_family_id uuid)	367168233820fd441586d5506ffc9729
function	public.promote_family_parent(p_family_id uuid, p_user_id uuid)	1efc211ea02bd110174571c83eb269be
function	public.redeem_reward(p_family_id uuid, p_profile_id uuid, p_reward_id uuid)	076aa505463fe7d259577d5e4fe13462
function	public.remove_family_parent(p_family_id uuid, p_user_id uuid)	389a9b8a127f8c80c9835c0a65f6a0ea
function	public.remove_profile(p_family_id uuid, p_profile_id uuid)	608cedc67bce7152a91d3532d215d8c6
function	public.remove_reward(p_family_id uuid, p_reward_id uuid)	993ef583d3b1d3655d62361b578e58b3
function	public.remove_task(p_family_id uuid, p_task_id uuid)	0420c7ebacf95e1bea292757303ded5e
function	public.reorder_items(p_family_id uuid, p_kind text, p_ids uuid[])	1cdfdfe238f973f16fbd7459baaab0e0
function	public.revoke_family_invitation(p_invitation_id uuid)	6d7d25ef71c0da27f5d97d9eb0f1d4e6
function	public.set_category_assignments(p_family_id uuid, p_category_id uuid, p_profile_ids uuid[])	fe6ebfb77e1bc316cbea1bdeeeea9376
function	public.set_parent_pin(p_family_id uuid, p_current_pin text, p_new_pin text)	98491e71bf528fe430dcf708b466f567
function	public.set_reward_assignments(p_family_id uuid, p_reward_id uuid, p_profile_ids uuid[])	22f4f4fa13c9c76634b623b3aec61d2b
function	public.set_task_assignments(p_family_id uuid, p_task_id uuid, p_profile_ids uuid[])	5268dca43391b89249119b82ed36a817
function	public.sync_weekly_champion(p_family_id uuid)	330662bff082557ef55cafe58515bdfa
function	public.verify_parent_pin(p_family_id uuid, p_pin text)	373d5ffb50770ecea6b7670634d0c037
function_grant	private.auth_user_exists(p_user_id uuid)	1759fbef63b5dd376c7dd1414fb9d270
function_grant	private.bump_family_sync()	0049b0c2b5451843560e0aea8b4ac1dd
function_grant	private.bump_user_membership_sync()	0049b0c2b5451843560e0aea8b4ac1dd
function_grant	private.check_media_reference()	0049b0c2b5451843560e0aea8b4ac1dd
function_grant	private.guard_category_delete()	0049b0c2b5451843560e0aea8b4ac1dd
function_grant	private.guard_profile_change()	0049b0c2b5451843560e0aea8b4ac1dd
function_grant	private.has_family_role(target_family_id uuid, allowed_roles text[])	7aa168bf7f7275a6dbbb30f6882e1f84
function_grant	private.invite_attempts_exceeded(p_user uuid)	0049b0c2b5451843560e0aea8b4ac1dd
function_grant	private.invite_token_hash(p_token text)	0049b0c2b5451843560e0aea8b4ac1dd
function_grant	private.is_family_member(target_family_id uuid)	7aa168bf7f7275a6dbbb30f6882e1f84
function_grant	private.is_media_path(p_name text)	7aa168bf7f7275a6dbbb30f6882e1f84
function_grant	private.local_week_start(p_ts timestamp with time zone, p_tz text)	7aa168bf7f7275a6dbbb30f6882e1f84
function_grant	private.media_family_id(p_name text)	7aa168bf7f7275a6dbbb30f6882e1f84
function_grant	private.profile_has_history(p_family_id uuid, p_profile_id uuid)	7aa168bf7f7275a6dbbb30f6882e1f84
function_grant	private.record_invite_attempt(p_user uuid)	0049b0c2b5451843560e0aea8b4ac1dd
function_grant	private.require_family_admin(p_family_id uuid)	7aa168bf7f7275a6dbbb30f6882e1f84
function_grant	private.set_updated_at()	1ed602fa8d7ea7f76bdd896d0b865475
function_grant	private.stamp_completion_review()	0049b0c2b5451843560e0aea8b4ac1dd
function_grant	private.stamp_redemption_ack()	0049b0c2b5451843560e0aea8b4ac1dd
function_grant	private.sync_weekly_champion_at(p_family_id uuid, p_now timestamp with time zone)	7aa168bf7f7275a6dbbb30f6882e1f84
function_grant	private.valid_profile_ids(p_family_id uuid, p_profile_ids uuid[])	7aa168bf7f7275a6dbbb30f6882e1f84
function_grant	public.accept_family_invitation(p_token text)	1759fbef63b5dd376c7dd1414fb9d270
function_grant	public.account_deletion_plan(p_user_id uuid)	4438b46a4c6a9258ef250afc0dfd2dfc
function_grant	public.create_family(p_name text)	4438b46a4c6a9258ef250afc0dfd2dfc
function_grant	public.create_family_invitation(p_family_id uuid)	1759fbef63b5dd376c7dd1414fb9d270
function_grant	public.create_family_with_onboarding(p_request_id uuid, p_family_name text, p_pin text, p_children jsonb, p_tasks jsonb, p_rewards jsonb, p_settings jsonb)	1759fbef63b5dd376c7dd1414fb9d270
function_grant	public.delete_category(p_family_id uuid, p_category_id uuid)	1759fbef63b5dd376c7dd1414fb9d270
function_grant	public.delete_family_as_service(p_family_id uuid)	4438b46a4c6a9258ef250afc0dfd2dfc
function_grant	public.execute_account_deletion(p_user_id uuid)	4438b46a4c6a9258ef250afc0dfd2dfc
function_grant	public.family_owner_check(p_user_id uuid, p_family_id uuid)	4438b46a4c6a9258ef250afc0dfd2dfc
function_grant	public.inspect_family_invitation(p_token text)	1759fbef63b5dd376c7dd1414fb9d270
function_grant	public.leave_family(p_family_id uuid)	1759fbef63b5dd376c7dd1414fb9d270
function_grant	public.list_family_adults(p_family_id uuid)	1759fbef63b5dd376c7dd1414fb9d270
function_grant	public.list_family_invitations(p_family_id uuid)	1759fbef63b5dd376c7dd1414fb9d270
function_grant	public.parent_pin_lock_seconds(p_family_id uuid)	1759fbef63b5dd376c7dd1414fb9d270
function_grant	public.promote_family_parent(p_family_id uuid, p_user_id uuid)	1759fbef63b5dd376c7dd1414fb9d270
function_grant	public.redeem_reward(p_family_id uuid, p_profile_id uuid, p_reward_id uuid)	1759fbef63b5dd376c7dd1414fb9d270
function_grant	public.remove_family_parent(p_family_id uuid, p_user_id uuid)	1759fbef63b5dd376c7dd1414fb9d270
function_grant	public.remove_profile(p_family_id uuid, p_profile_id uuid)	1759fbef63b5dd376c7dd1414fb9d270
function_grant	public.remove_reward(p_family_id uuid, p_reward_id uuid)	1759fbef63b5dd376c7dd1414fb9d270
function_grant	public.remove_task(p_family_id uuid, p_task_id uuid)	1759fbef63b5dd376c7dd1414fb9d270
function_grant	public.reorder_items(p_family_id uuid, p_kind text, p_ids uuid[])	1759fbef63b5dd376c7dd1414fb9d270
function_grant	public.revoke_family_invitation(p_invitation_id uuid)	1759fbef63b5dd376c7dd1414fb9d270
function_grant	public.set_category_assignments(p_family_id uuid, p_category_id uuid, p_profile_ids uuid[])	1759fbef63b5dd376c7dd1414fb9d270
function_grant	public.set_parent_pin(p_family_id uuid, p_current_pin text, p_new_pin text)	1759fbef63b5dd376c7dd1414fb9d270
function_grant	public.set_reward_assignments(p_family_id uuid, p_reward_id uuid, p_profile_ids uuid[])	1759fbef63b5dd376c7dd1414fb9d270
function_grant	public.set_task_assignments(p_family_id uuid, p_task_id uuid, p_profile_ids uuid[])	1759fbef63b5dd376c7dd1414fb9d270
function_grant	public.sync_weekly_champion(p_family_id uuid)	1759fbef63b5dd376c7dd1414fb9d270
function_grant	public.verify_parent_pin(p_family_id uuid, p_pin text)	1759fbef63b5dd376c7dd1414fb9d270
function_normalized	private.auth_user_exists(p_user_id uuid)	8c0ef581d5d3b914906c77fd407edad8
function_normalized	private.bump_family_sync()	68179869b86aabab164a2a0fc2fadedb
function_normalized	private.bump_user_membership_sync()	c9161252fe9ba4cd6122e21948c0d6d9
function_normalized	private.check_media_reference()	05d62309a0a9e1279184f3bd326b0197
function_normalized	private.guard_category_delete()	671a69752e5b859bb5843ed85cff51a3
function_normalized	private.guard_profile_change()	92f1eba2cb81656c10902474daa21151
function_normalized	private.has_family_role(target_family_id uuid, allowed_roles text[])	6aee9c0350edc63b9009434e78f57819
function_normalized	private.invite_attempts_exceeded(p_user uuid)	97b684e56d79bbb1e7b737dd52fcaaea
function_normalized	private.invite_token_hash(p_token text)	8ffa911a4aeb2ba4acdd51fdabf96f91
function_normalized	private.is_family_member(target_family_id uuid)	934575d109d94b81eafcb9f34a415c23
function_normalized	private.is_media_path(p_name text)	f4e957c33381554695fd8a97c36e61b2
function_normalized	private.local_week_start(p_ts timestamp with time zone, p_tz text)	748df34b265bd09af59cbb03ec56fcc6
function_normalized	private.media_family_id(p_name text)	725bd7440a84cae31d84fa749c1f8f7d
function_normalized	private.profile_has_history(p_family_id uuid, p_profile_id uuid)	0fd1ed9f2509160b9bed648ec60cda76
function_normalized	private.record_invite_attempt(p_user uuid)	4f3021a08003d94fb7718e905027cc6c
function_normalized	private.require_family_admin(p_family_id uuid)	fae6193bf4011854f08e0af9e78754de
function_normalized	private.set_updated_at()	2505c2da57b0eafbd5442a3230676a5f
function_normalized	private.stamp_completion_review()	8a8f14096b258740e1e20de25c79bfe7
function_normalized	private.stamp_redemption_ack()	8b12d395a47811d19877170db9e13f26
function_normalized	private.sync_weekly_champion_at(p_family_id uuid, p_now timestamp with time zone)	56273a6d328b85173a5eaf2a8eadebb4
function_normalized	private.valid_profile_ids(p_family_id uuid, p_profile_ids uuid[])	5c8b95618200a08a855d93f40390129b
function_normalized	public.accept_family_invitation(p_token text)	b4f435fb15f9864ed2535cabff462e00
function_normalized	public.account_deletion_plan(p_user_id uuid)	d3e91b0feb205fa91e1cf39fedefb289
function_normalized	public.create_family(p_name text)	cdbaad7fef0bc83ab4a02240fae2d5fa
function_normalized	public.create_family_invitation(p_family_id uuid)	f996a54de9f5f95914f48fe9fcea706b
function_normalized	public.create_family_with_onboarding(p_request_id uuid, p_family_name text, p_pin text, p_children jsonb, p_tasks jsonb, p_rewards jsonb, p_settings jsonb)	3b9b6571d3774f799973442624167d5b
function_normalized	public.delete_category(p_family_id uuid, p_category_id uuid)	e8a821c002606a4db004da32dd0c07eb
function_normalized	public.delete_family_as_service(p_family_id uuid)	d4c4e5f982348479e78d005c1116838c
function_normalized	public.execute_account_deletion(p_user_id uuid)	df4d592e076d4abdeb23ec4d3b5372de
function_normalized	public.family_owner_check(p_user_id uuid, p_family_id uuid)	089bd78be67db8e1ed671148d8b1a7ec
function_normalized	public.inspect_family_invitation(p_token text)	868c94dacd98097bd207db5a596f9d00
function_normalized	public.leave_family(p_family_id uuid)	a761ed093c54de7882ef6344e9b8adf2
function_normalized	public.list_family_adults(p_family_id uuid)	6fbeda1bc788ad1d641d5fab216cc494
function_normalized	public.list_family_invitations(p_family_id uuid)	68acbdf4778e60876c43f40b2a67f5b3
function_normalized	public.parent_pin_lock_seconds(p_family_id uuid)	921728c86dee20ff42267f53d3e304eb
function_normalized	public.promote_family_parent(p_family_id uuid, p_user_id uuid)	42e8d5221a937b3c24bf819a9ec83f32
function_normalized	public.redeem_reward(p_family_id uuid, p_profile_id uuid, p_reward_id uuid)	00438a83ac0e8e0f9fe0ed1dab17e347
function_normalized	public.remove_family_parent(p_family_id uuid, p_user_id uuid)	4904df88ecffd0f1c6694259b6e1dd07
function_normalized	public.remove_profile(p_family_id uuid, p_profile_id uuid)	2e026ff7e2435c80b1097768bebf9e75
function_normalized	public.remove_reward(p_family_id uuid, p_reward_id uuid)	5487e90fa2d325b0498c3d60b9f5c662
function_normalized	public.remove_task(p_family_id uuid, p_task_id uuid)	848f361f31736d96e8e6cca272bce80a
function_normalized	public.reorder_items(p_family_id uuid, p_kind text, p_ids uuid[])	679628c4e89642ccd3086befc18ce719
function_normalized	public.revoke_family_invitation(p_invitation_id uuid)	b6508edab1080a07631849b6c7563da8
function_normalized	public.set_category_assignments(p_family_id uuid, p_category_id uuid, p_profile_ids uuid[])	2cdf9e62144e3ff1c59cac8b79c8463f
function_normalized	public.set_parent_pin(p_family_id uuid, p_current_pin text, p_new_pin text)	08b002ec1a141b520715c4860ac724d7
function_normalized	public.set_reward_assignments(p_family_id uuid, p_reward_id uuid, p_profile_ids uuid[])	618bd69c2b3d2654fdfa5842c3848908
function_normalized	public.set_task_assignments(p_family_id uuid, p_task_id uuid, p_profile_ids uuid[])	ab4b10e02cc24fc9d4c7038ba7c89076
function_normalized	public.sync_weekly_champion(p_family_id uuid)	e0130b65b38b6101e245760a57c149cb
function_normalized	public.verify_parent_pin(p_family_id uuid, p_pin text)	c2538ad4ee378894a971eb7640fc0107
index	private.family_invitations_creator_idx	46a270e590c07c14073c7cfe7ca842b6
index	private.family_invitations_family_idx	4c0df381e87656e445e1bcef7b85cf97
index	private.family_invitations_pkey	535447c4751a389860458733021d02ad
index	private.family_invitations_token_hash_key	e9aa95bd33e1790cc812e9a9c432eb00
index	private.family_security_pkey	e3ffed2fe632324a4e014a95b7b79802
index	private.invitation_attempts_pkey	04fc313021a5c25a2027767e7138e5c3
index	private.invitation_attempts_user_idx	21524731f5a88a317f1961de66a62d54
index	private.onboarding_requests_pkey	b8fb98d4ef4772fbeb35d0bd9191736c
index	private.onboarding_requests_user_idx	982b7bd2539a2155034221ce9e39dd5f
index	public.categories_family_id_id_key	39bec51670354fca1e03e570e1200db4
index	public.categories_family_name_uidx	3d18c1539ab5d380fdedd38779eb6af3
index	public.categories_pkey	030682f495d43219c9b4afe62dc802ff
index	public.category_assignments_pkey	b8b21d8415ff394e207ef80f890eb255
index	public.category_assignments_profile_idx	b1b70e62698b256e4a3e76735ab13648
index	public.champion_history_family_id_week_start_key	f994846947e8bb956fc6f1471790fdee
index	public.champion_history_pkey	1bd9405bf70cef26e27f686dec5ff53e
index	public.completions_family_time_idx	dfd8606403cf9c720258a82ab4ee8748
index	public.completions_once_per_day_uidx	b101dd81c3367be668ebd548c845d339
index	public.completions_pending_idx	f1f58e1503b0065243f25fba91694a7a
index	public.completions_pkey	acf96b53eb47afc384a049a89b7854bb
index	public.completions_profile_time_idx	d9aaec1f035d5d0ed1ee9cce903f835b
index	public.families_pkey	96462fcb2567cff8b54e040a4bd76aa7
index	public.family_members_family_id_user_id_key	7a46e8d482e3c71c8beeafced7986305
index	public.family_members_pkey	00bf886c3fa7ea1c9050e8ce8693e2d7
index	public.family_members_user_id_idx	fdfd208d8a9b8fd6aa06c031d9265790
index	public.family_settings_pkey	631bafea81c84bce06d42662fdb86d32
index	public.family_sync_pkey	39d423191947f9a6f05445680f461cc3
index	public.profiles_family_id_id_key	2e08d3f790c6f44821844aba8878423d
index	public.profiles_family_id_idx	a898c3feb44fb0351f64d46f0a0acbd6
index	public.profiles_pkey	b7142bbffc23de763c1bd9f00489ec05
index	public.redemptions_family_time_idx	55555577e46b44fa796ccd5d8b1331ae
index	public.redemptions_pkey	153a56e61539e78d336def6e28506f85
index	public.redemptions_profile_idx	59c95c06ecfc2167cb7c01b623b43b0c
index	public.redemptions_unacknowledged_idx	4b10a310ca9f3ab03d12cc0c59bb162d
index	public.reward_assignments_pkey	32042a372d9f46b4c39f6e53595ad73a
index	public.reward_assignments_profile_idx	efcdb93e8b1908a7e5c83601c5adc24e
index	public.rewards_family_id_id_key	337a5038be4a36c0a8f1d701dd90e08e
index	public.rewards_family_idx	f1f26cc817867f332d55c11030acdd7e
index	public.rewards_pkey	4c2b3612d25a37fd251532d4078ca5ce
index	public.task_assignments_pkey	95f82d2050a9872b4298e300e775fa33
index	public.task_assignments_profile_idx	b9539daadb19d3fb0754bc7079317c6d
index	public.tasks_category_idx	dc624e47c9a3ca65a3f8882d129a8c19
index	public.tasks_family_id_id_key	923f0f69fce1f7164b30f3cba5e7fe6b
index	public.tasks_family_idx	6c431a98aae76e10d6e51d0413ea3cee
index	public.tasks_pkey	ffb8c1a1177933a53060e46cbea7edde
index	public.user_membership_sync_pkey	2d729fdb59453da54519b188f013ea16
policy	public.categories.categories_delete	3e2c0c4cd3f3b325e7113d9eac185397
policy	public.categories.categories_insert	a1843edb0dcd9de21071e67fe955135d
policy	public.categories.categories_select	4b7e21d05d55fcf10f570e79932cf1e8
policy	public.categories.categories_update	34f511d2fc4d3297f868d89fcf8abd77
policy	public.category_assignments.category_assignments_delete	3e2c0c4cd3f3b325e7113d9eac185397
policy	public.category_assignments.category_assignments_insert	a1843edb0dcd9de21071e67fe955135d
policy	public.category_assignments.category_assignments_select	4b7e21d05d55fcf10f570e79932cf1e8
policy	public.category_assignments.category_assignments_update	34f511d2fc4d3297f868d89fcf8abd77
policy	public.champion_history.champion_history_delete	3e2c0c4cd3f3b325e7113d9eac185397
policy	public.champion_history.champion_history_insert	a1843edb0dcd9de21071e67fe955135d
policy	public.champion_history.champion_history_select	4b7e21d05d55fcf10f570e79932cf1e8
policy	public.champion_history.champion_history_update	34f511d2fc4d3297f868d89fcf8abd77
policy	public.completions.completions_delete	3e2c0c4cd3f3b325e7113d9eac185397
policy	public.completions.completions_insert	a1843edb0dcd9de21071e67fe955135d
policy	public.completions.completions_select	4b7e21d05d55fcf10f570e79932cf1e8
policy	public.completions.completions_update	34f511d2fc4d3297f868d89fcf8abd77
policy	public.families.families_select	3a2cfbb025e693c74f0d31d6bca9af63
policy	public.families.families_update	eed0d2088742af90e4ba2040091d29f9
policy	public.family_members.family_members_select	4b7e21d05d55fcf10f570e79932cf1e8
policy	public.family_settings.family_settings_select	4b7e21d05d55fcf10f570e79932cf1e8
policy	public.family_settings.family_settings_update	34f511d2fc4d3297f868d89fcf8abd77
policy	public.family_sync.family_sync_select	4b7e21d05d55fcf10f570e79932cf1e8
policy	public.profiles.profiles_delete	3e2c0c4cd3f3b325e7113d9eac185397
policy	public.profiles.profiles_insert	a1843edb0dcd9de21071e67fe955135d
policy	public.profiles.profiles_select	4b7e21d05d55fcf10f570e79932cf1e8
policy	public.profiles.profiles_update	34f511d2fc4d3297f868d89fcf8abd77
policy	public.redemptions.redemptions_delete	3e2c0c4cd3f3b325e7113d9eac185397
policy	public.redemptions.redemptions_select	4b7e21d05d55fcf10f570e79932cf1e8
policy	public.redemptions.redemptions_update	34f511d2fc4d3297f868d89fcf8abd77
policy	public.reward_assignments.reward_assignments_delete	3e2c0c4cd3f3b325e7113d9eac185397
policy	public.reward_assignments.reward_assignments_insert	a1843edb0dcd9de21071e67fe955135d
policy	public.reward_assignments.reward_assignments_select	4b7e21d05d55fcf10f570e79932cf1e8
policy	public.reward_assignments.reward_assignments_update	34f511d2fc4d3297f868d89fcf8abd77
policy	public.rewards.rewards_delete	3e2c0c4cd3f3b325e7113d9eac185397
policy	public.rewards.rewards_insert	a1843edb0dcd9de21071e67fe955135d
policy	public.rewards.rewards_select	4b7e21d05d55fcf10f570e79932cf1e8
policy	public.rewards.rewards_update	34f511d2fc4d3297f868d89fcf8abd77
policy	public.task_assignments.task_assignments_delete	3e2c0c4cd3f3b325e7113d9eac185397
policy	public.task_assignments.task_assignments_insert	a1843edb0dcd9de21071e67fe955135d
policy	public.task_assignments.task_assignments_select	4b7e21d05d55fcf10f570e79932cf1e8
policy	public.task_assignments.task_assignments_update	34f511d2fc4d3297f868d89fcf8abd77
policy	public.tasks.tasks_delete	3e2c0c4cd3f3b325e7113d9eac185397
policy	public.tasks.tasks_insert	a1843edb0dcd9de21071e67fe955135d
policy	public.tasks.tasks_select	4b7e21d05d55fcf10f570e79932cf1e8
policy	public.tasks.tasks_update	34f511d2fc4d3297f868d89fcf8abd77
policy	public.user_membership_sync.user_membership_sync_select	3aa9d58d24d29aa23974a61aeb664af2
policy	storage.objects.family_media_delete	fcbd044b1d8063b8ff7f0746dbe82c26
policy	storage.objects.family_media_insert	d88bc7a9e63c8902e19fb32837f755d4
policy	storage.objects.family_media_select	822807b865b00d7d95e41de55eaf9646
policy	storage.objects.family_media_update	cf9b04de3c5142e3312489c92ea5ea95
publication	public.categories	fe03e8f4f98f5047d03a1110e7240a90
publication	public.champion_history	fe03e8f4f98f5047d03a1110e7240a90
publication	public.completions	fe03e8f4f98f5047d03a1110e7240a90
publication	public.family_settings	fe03e8f4f98f5047d03a1110e7240a90
publication	public.family_sync	fe03e8f4f98f5047d03a1110e7240a90
publication	public.profiles	fe03e8f4f98f5047d03a1110e7240a90
publication	public.redemptions	fe03e8f4f98f5047d03a1110e7240a90
publication	public.rewards	fe03e8f4f98f5047d03a1110e7240a90
publication	public.tasks	fe03e8f4f98f5047d03a1110e7240a90
publication	public.user_membership_sync	fe03e8f4f98f5047d03a1110e7240a90
rls	private.family_invitations	43088d5caca2fcd7314b7a447b8193c0
rls	private.family_security	43088d5caca2fcd7314b7a447b8193c0
rls	private.invitation_attempts	43088d5caca2fcd7314b7a447b8193c0
rls	private.onboarding_requests	43088d5caca2fcd7314b7a447b8193c0
rls	public.categories	43088d5caca2fcd7314b7a447b8193c0
rls	public.category_assignments	43088d5caca2fcd7314b7a447b8193c0
rls	public.champion_history	43088d5caca2fcd7314b7a447b8193c0
rls	public.completions	43088d5caca2fcd7314b7a447b8193c0
rls	public.families	43088d5caca2fcd7314b7a447b8193c0
rls	public.family_members	43088d5caca2fcd7314b7a447b8193c0
rls	public.family_settings	43088d5caca2fcd7314b7a447b8193c0
rls	public.family_sync	43088d5caca2fcd7314b7a447b8193c0
rls	public.profiles	43088d5caca2fcd7314b7a447b8193c0
rls	public.redemptions	43088d5caca2fcd7314b7a447b8193c0
rls	public.reward_assignments	43088d5caca2fcd7314b7a447b8193c0
rls	public.rewards	43088d5caca2fcd7314b7a447b8193c0
rls	public.task_assignments	43088d5caca2fcd7314b7a447b8193c0
rls	public.tasks	43088d5caca2fcd7314b7a447b8193c0
rls	public.user_membership_sync	43088d5caca2fcd7314b7a447b8193c0
table_grant	public.categories.authenticated	b4008b34b7b3db1404361617247524af
table_grant	public.category_assignments.authenticated	b4008b34b7b3db1404361617247524af
table_grant	public.champion_history.authenticated	b4008b34b7b3db1404361617247524af
table_grant	public.completions.authenticated	b4008b34b7b3db1404361617247524af
table_grant	public.families.authenticated	eb7c586ef105eb2243529d4e921b8521
table_grant	public.family_members.authenticated	b4008b34b7b3db1404361617247524af
table_grant	public.family_settings.authenticated	b4008b34b7b3db1404361617247524af
table_grant	public.family_sync.authenticated	63225f19fccb18e7c709f1fa11bc738e
table_grant	public.profiles.authenticated	b4008b34b7b3db1404361617247524af
table_grant	public.redemptions.authenticated	095cb259c9fa24f2b27d68f089ecdf55
table_grant	public.reward_assignments.authenticated	b4008b34b7b3db1404361617247524af
table_grant	public.rewards.authenticated	b4008b34b7b3db1404361617247524af
table_grant	public.task_assignments.authenticated	b4008b34b7b3db1404361617247524af
table_grant	public.tasks.authenticated	b4008b34b7b3db1404361617247524af
table_grant	public.user_membership_sync.authenticated	63225f19fccb18e7c709f1fa11bc738e
trigger	private.family_security.family_security_updated_at	0fbbedf0c0f546cef12b340378d53822
trigger	public.categories.categories_bump_sync	386d39656955c2240074f7c7e0fb0b86
trigger	public.categories.categories_guard_delete	cceb431f4c888847c8616a7a16a13881
trigger	public.categories.categories_updated_at	56c52c8dcd994f200436cc7d7768b6e0
trigger	public.category_assignments.category_assignments_bump_sync	4c2054526490b366505064b911ddcf59
trigger	public.champion_history.champion_history_bump_sync	bfe4a53a0a98a8332997ba96ddf9b5dc
trigger	public.completions.completions_bump_sync	65014986b9495871bfaf40fe2ba03bf2
trigger	public.completions.completions_review_stamp	f4fead7bde9f2288669d2b06c18530a9
trigger	public.families.families_bump_sync	aff738f23e17d5f77dd226dd2898e4e6
trigger	public.families.families_updated_at	1cdc856c193644498fe5e1e05b54bc73
trigger	public.family_members.family_members_bump_sync	09d4f8675aed2e630912e02d33994b38
trigger	public.family_members.family_members_bump_user_sync	104187e91959f8c8ff559e3ade54ddaa
trigger	public.family_settings.family_settings_bump_sync	3690beadb63836d10b5f1fcbac262ba4
trigger	public.family_settings.family_settings_updated_at	a13eadfaf9d8b5eb5adb5e604f2af4aa
trigger	public.profiles.profiles_bump_sync	8cdbcf1a4965fddc4520e51e964a5eaf
trigger	public.profiles.profiles_guard_delete	05fe37c8219cde30071efe2d877de38a
trigger	public.profiles.profiles_guard_update	e9bbe31c22de76d1b2300c1897f636bc
trigger	public.profiles.profiles_media_reference	baf994a4f6b824ea18c2fc219e10965f
trigger	public.profiles.profiles_updated_at	70dc013619143d400b13cb1fb82609ce
trigger	public.redemptions.redemptions_ack_stamp	d06f08df80c7e8a2be864df495f01dba
trigger	public.redemptions.redemptions_bump_sync	24e0f65144a15e717c5a9f17fe83120a
trigger	public.reward_assignments.reward_assignments_bump_sync	8190b5e55f24ce35c21ed31f4dea5c05
trigger	public.rewards.rewards_bump_sync	8e91165439fae36cc2d0ad6450ea647b
trigger	public.rewards.rewards_updated_at	330c7c09ed54132074f17ed4c0499002
trigger	public.task_assignments.task_assignments_bump_sync	bf79f9382c07efb85a79cce8eb787bd5
trigger	public.tasks.tasks_bump_sync	a15fad0f4f4124ccc82e88750ba5e9a5
trigger	public.tasks.tasks_media_reference	c4a9c7ba8952dd04b5b89780e3f4ebca
trigger	public.tasks.tasks_updated_at	56dbe0e53760b8c4161989bb27a5dc0b
